[{
        "number": 1,
        "category": "Generic",
        "question": "What is a \"Farmer's Daughter\" ?",
        "choice": [{
                "no": 1,
                "c": "A Beer brewed in Menomonie Wisconsin USA",
                "answ": 3
            }, {
                "no": 2,
                "c": "A movie about the farmgirl that moved to New York.",
                "answ": 0
            }, {
                "no": 3,
                "c": "A famous Restaurant in Bishkek, Kyrgyzstan",
                "answ": 0
            }, {
                "no": 4,
                "c": "A common dish name - Pork Chops with Herbs and Potatoes",
                "answ": 0
            }],
        "img": " "
    }, {
        "number": 2,
        "category": "Generic",
        "question": "What is \"cadence\" ?",
        "choice": [{
                "no": 1,
                "c": "Princess Cadance is an Alicorn pony",
                "answ": 2
            }, {
                "no": 2,
                "c": "Cadence (or pedaling rate) is the number of revolutions of the crank per minute",
                "answ": 2
            }, {
                "no": 3,
                "c": "A town in Scotland",
                "answ": 0
            }, {
                "no": 4,
                "c": "A strange feeling, that makes you sleepy. ",
                "answ": 0
            }],
        "img": " "
    }, {
        "number": 3,
        "category": "Generic",
        "question": "Who invented bike? ",
        "choice": [{
                "no": 1,
                "c": "Karl Friedrich von Drais",
                "answ": 2
            }, {
                "no": 2,
                "c": "Kirk Patrick Macmillan",
                "answ": 2
            }, {
                "no": 3,
                "c": "Thomas J Balko, Rogers",
                "answ": 0
            }, {
                "no": 4,
                "c": "Leonardo da Vinci",
                "answ": 0
            }],
        "img": " "
    }, {
        "number": 4,
        "category": "Generic",
        "question": "What's her name? ",
        "choice": [{
                "no": 1,
                "c": "Eytukan",
                "answ": 0
            }, {
                "no": 2,
                "c": "Trudy Chacon",
                "answ": 0
            }, {
                "no": 3,
                "c": "Neytiri",
                "answ": 4
            }, {
                "no": 4,
                "c": "Grace",
                "answ": 0
            }],
        "img": "question4.jpg"
    }, {
        "number": 5,
        "category": "Generic",
        "question": "Catgut (for old musical instrument strings and tennis rackets, etc) was usually made from the intestines of which animal? ",
        "choice": [{
                "no": 1,
                "c": "Cat",
                "answ": 0
            }, {
                "no": 2,
                "c": "Sheep",
                "answ": 5
            }, {
                "no": 3,
                "c": "Goat",
                "answ": 3
            }, {
                "no": 4,
                "c": "Monkey ",
                "answ": 0
            }],
        "img": " "
    }, {
        "number": 6,
        "category": "Generic",
        "question": "What kind of a pig breed it is?",
        "choice": [{
                "no": 1,
                "c": "American Landrace",
                "answ": 0
            }, {
                "no": 2,
                "c": "Kunekune",
                "answ": 0
            }, {
                "no": 3,
                "c": "Hampshire",
                "answ": 0
            }, {
                "no": 4,
                "c": "Vietnamese Potbelly",
                "answ": 4
            }],
        "img": "question6.jpg"
    }, {
        "number": 7,
        "category": "Generic",
        "question": "What's that?",
        "choice": [{
                "no": 1,
                "c": "Probably a Politician...",
                "answ": 1
            }, {
                "no": 2,
                "c": "Creature from your nightmares",
                "answ": 1
            }, {
                "no": 3,
                "c": "Blobfish in disguise",
                "answ": 2
            }, {
                "no": 4,
                "c": "A friend of mine",
                "answ": 1
            }],
        "img": "question7.jpg"
    }, {
        "number": 8,
        "category": "Generic",
        "question": "What's the name of this Minion?",
        "choice": [{
                "no": 1,
                "c": "Kevin - Musician",
                "answ": 0
            }, {
                "no": 2,
                "c": "Stuart - Not so little at all",
                "answ": 4
            }, {
                "no": 3,
                "c": "Banana Dave",
                "answ": 0
            }, {
                "no": 4,
                "c": "Tim - The Hammerhead",
                "answ": 0
            }],
        "img": "question8.jpg"
    }, {
        "number": 9,
        "category": "Generic",
        "question": "In the Mendeleev periodic table Mt stands for?",
        "choice": [{
                "no": 1,
                "c": "Meitnerium",
                "answ": 3
            }, {
                "no": 2,
                "c": "Molybdenum",
                "answ": 0
            }, {
                "no": 3,
                "c": "Manganese",
                "answ": 0
            }, {
                "no": 4,
                "c": "Magnesium",
                "answ": 0
            }],
        "img": " "
    }, {
        "number": 10,
        "category": "Generic",
        "question": "What nation invented the kilt?",
        "choice": [{
                "no": 1,
                "c": "Scotland",
                "answ": 0
            }, {
                "no": 2,
                "c": "Ireland",
                "answ": 3
            }, {
                "no": 3,
                "c": "Wales",
                "answ": 0
            }, {
                "no": 4,
                "c": "New Zealand",
                "answ": 0
            }],
        "img": " "
    }, {
        "number": 11,
        "category": "Generic",
        "question": "Arabic numerals originated in which country?",
        "choice": [{
                "no": 1,
                "c": "Russia",
                "answ": 0
            }, {
                "no": 2,
                "c": "Syria",
                "answ": 0
            }, {
                "no": 3,
                "c": "Egypt",
                "answ": 0
            }, {
                "no": 4,
                "c": "India",
                "answ": 4
            }],
        "img": " "
    }, {
        "number": 12,
        "category": "Generic",
        "question": "What country invented baseball?",
        "choice": [{
                "no": 1,
                "c": "USA",
                "answ": 0
            }, {
                "no": 2,
                "c": "India",
                "answ": 0
            }, {
                "no": 3,
                "c": "England",
                "answ": 3
            }, {
                "no": 4,
                "c": "Scotland",
                "answ": 0
            }],
        "img": " "
    }, {
        "number": 13,
        "category": "Generic",
        "question": "What is the diameter of Earth?",
        "choice": [{
                "no": 1,
                "c": "9 000 miles",
                "answ": 0
            }, {
                "no": 2,
                "c": "7 000 miles",
                "answ": 0
            }, {
                "no": 3,
                "c": "8 000 miles",
                "answ": 3
            }, {
                "no": 4,
                "c": "10 000 miles",
                "answ": 0
            }],
        "img": " "
    }, {
        "number": 14,
        "category": "Generic",
        "question": "The name for the bikini swimsuit is after?",
        "choice": [{
                "no": 1,
                "c": "Parisian engineer and designer Louis Reard Bikini",
                "answ": 0
            }, {
                "no": 2,
                "c": "Bikini Atoll, where testing on the atomic bomb was taking place",
                "answ": 5
            }, {
                "no": 3,
                "c": "Native Hawaiians  - konaka maoli-bikini",
                "answ": 0
            }, {
                "no": 4,
                "c": "A Small island in Bahamas",
                "answ": 0
            }],
        "img": " "
    }, {
        "number": 15,
        "category": "Generic",
        "question": "Which Polish city is presented on this picture?",
        "choice": [{
                "no": 1,
                "c": "Warsaw",
                "answ": 0
            }, {
                "no": 2,
                "c": "Cracow",
                "answ": 0
            }, {
                "no": 3,
                "c": "Gdansk",
                "answ": 0
            }, {
                "no": 4,
                "c": "Poznan",
                "answ": 5
            }],
        "img": "question15.jpg"
    }, {
        "number": 16,
        "category": "Generic",
        "question": "Is it illegal to kill an ant?",
        "choice": [{
                "no": 1,
                "c": "Yes under all circumstances",
                "answ": 0
            }, {
                "no": 2,
                "c": "No, But not in all countries",
                "answ": 0
            }, {
                "no": 3,
                "c": "Ant is not an animal so no it is not",
                "answ": 0
            }, {
                "no": 4,
                "c": "Yes it is, so do not tell anyone if you do so",
                "answ": 2
            }],
        "img": " "
    }, {
        "number": 17,
        "category": "Generic",
        "question": "What is the name of the most pupular breakfast dish in India?",
        "choice": [{
                "no": 1,
                "c": "Idli Sambar",
                "answ": 5
            }, {
                "no": 2,
                "c": "Bhapaa Aloo",
                "answ": 0
            }, {
                "no": 3,
                "c": "Butter Chicken",
                "answ": 1
            }, {
                "no": 4,
                "c": "Hyderabadi Biryani",
                "answ": 1
            }],
        "img": " "
    }, {
        "number": 18,
        "category": "Generic",
        "question": "What is the Company Name of the above Logo?",
        "choice": [{
                "no": 1,
                "c": "Iowa chicken hatchery",
                "answ": 0
            }, {
                "no": 2,
                "c": "Chicken, what else?",
                "answ": 0
            }, {
                "no": 3,
                "c": "Roosters",
                "answ": 0
            }, {
                "no": 4,
                "c": "Dirty Bird Fried Chicken",
                "answ": 3
            }],
        "img": "question18.jpg"
    }, {
        "number": 19,
        "category": "Generic",
        "question": "Who is the best superhero ever?",
        "choice": [{
                "no": 1,
                "c": "Superman",
                "answ": 1
            }, {
                "no": 2,
                "c": "Batman",
                "answ": 1
            }, {
                "no": 3,
                "c": "Frodo",
                "answ": 2
            }, {
                "no": 4,
                "c": "Spider-Man",
                "answ": 1
            }],
        "img": " "
    }, {
        "number": 20,
        "category": "Generic",
        "question": "Who's That?",
        "choice": [{
                "no": 1,
                "c": "MacGyver",
                "answ": 4
            }, {
                "no": 2,
                "c": "Texas Ranger",
                "answ": 0
            }, {
                "no": 3,
                "c": "Detective Monk",
                "answ": 0
            }, {
                "no": 4,
                "c": "Steven Carrington",
                "answ": 0
            }],
        "img": "question20.jpg"
    }, {
        "number": 21,
        "category": "Generic",
        "question": "What Fruit is that?",
        "choice": [{
                "no": 1,
                "c": "Dragon Fruit",
                "answ": 0
            }, {
                "no": 2,
                "c": "Guava",
                "answ": 0
            }, {
                "no": 3,
                "c": "Mangosteen",
                "answ": 4
            }, {
                "no": 4,
                "c": "Durian",
                "answ": 0
            }],
        "img": "question21.jpg"
    }, {
        "number": 22,
        "category": "Generic",
        "question": "Who won the first  ever MLB World Series in 1903?",
        "choice": [{
                "no": 1,
                "c": "Philadelphia A's 4",
                "answ": 0
            }, {
                "no": 2,
                "c": "Chicago Cubs",
                "answ": 0
            }, {
                "no": 3,
                "c": "Pittsburgh Pirates",
                "answ": 0
            }, {
                "no": 4,
                "c": "Boston Pilgrims",
                "answ": 5
            }],
        "img": " "
    }, {
        "number": 23,
        "category": "Generic",
        "question": "What is that?",
        "choice": [{
                "no": 1,
                "c": "Butter churn",
                "answ": 4
            }, {
                "no": 2,
                "c": "Grapes squeezer",
                "answ": 0
            }, {
                "no": 3,
                "c": "Coffee blender",
                "answ": 0
            }, {
                "no": 4,
                "c": "I have no idea....",
                "answ": 1
            }],
        "img": "question23.jpg"
    }, {
        "number": 24,
        "category": "Generic",
        "question": "Which came first, the chicken or the egg?",
        "choice": [{
                "no": 1,
                "c": "Both the bird and egg must have always existe",
                "answ": 2
            }, {
                "no": 2,
                "c": "The egg came first as it evolved prior to birds.",
                "answ": 4
            }, {
                "no": 3,
                "c": "Chicken as it evolved from mammals",
                "answ": 0
            }, {
                "no": 4,
                "c": "Who cares both a good to eat",
                "answ": 1
            }],
        "img": " "
    }, {
        "number": 25,
        "category": "Generic",
        "question": "Where was that picture taken?",
        "choice": [{
                "no": 1,
                "c": "Poland",
                "answ": 1
            }, {
                "no": 2,
                "c": "Scotland",
                "answ": 1
            }, {
                "no": 3,
                "c": "USA",
                "answ": 1
            }, {
                "no": 4,
                "c": "Does it matter? The question is does it taste good? ",
                "answ": 2
            }],
        "img": "question25.jpg"
    }, {
        "number": 26,
        "category": "Generic",
        "question": "What are the three most popular colors?",
        "choice": [{
                "no": 1,
                "c": "Blue, Red, Green",
                "answ": 3
            }, {
                "no": 2,
                "c": "Blue, Black, White",
                "answ": 0
            }, {
                "no": 3,
                "c": "Red, Yellow, Blue",
                "answ": 0
            }, {
                "no": 4,
                "c": "Red, Green, Pink",
                "answ": 0
            }],
        "img": " "
    }, {
        "number": 27,
        "category": "Generic",
        "question": "What are the laziest countries in the world accordingly to Forbes?",
        "choice": [{
                "no": 1,
                "c": "Malta",
                "answ": 4
            }, {
                "no": 2,
                "c": "Saudi Arabia",
                "answ": 2
            }, {
                "no": 3,
                "c": "Argentina",
                "answ": 1
            }, {
                "no": 4,
                "c": "France",
                "answ": 0
            }],
        "img": " "
    }, {
        "number": 28,
        "category": "Generic",
        "question": "Which country has the highest alcohol consumption in the world per capita?",
        "choice": [{
                "no": 1,
                "c": "Russia",
                "answ": 0
            }, {
                "no": 2,
                "c": "United Kingdom",
                "answ": 1
            }, {
                "no": 3,
                "c": "Belarus",
                "answ": 3
            }, {
                "no": 4,
                "c": "Moldova",
                "answ": 1
            }],
        "img": " "
    }, {
        "number": 29,
        "category": "ben",
        "question": "What percentage of Franklin Templeton AUMs is coming from the retail business?",
        "choice": [{
                "no": 1,
                "c": "89%",
                "answ": 0
            }, {
                "no": 2,
                "c": "32%",
                "answ": 0
            }, {
                "no": 3,
                "c": "72%",
                "answ": 5
            }, {
                "no": 4,
                "c": "51%",
                "answ": 0
            }],
        "img": " "
    }, {
        "number": 30,
        "category": "ben",
        "question": "What is FINRA?",
        "choice": [{
                "no": 1,
                "c": "a regulatory organization for brokerage firms and exchange markets",
                "answ": 5
            }, {
                "no": 2,
                "c": "a specialized investment bank house",
                "answ": 0
            }, {
                "no": 3,
                "c": "sports sponsoring association",
                "answ": 0
            }, {
                "no": 4,
                "c": "Australian Taxation Office",
                "answ": 0
            }],
        "img": " "
    }, {
        "number": 31,
        "category": "ben",
        "question": "What is GDP?",
        "choice": [{
                "no": 1,
                "c": "Global Directory Platform",
                "answ": 0
            }, {
                "no": 2,
                "c": "Gross Domestic Product",
                "answ": 1
            }, {
                "no": 3,
                "c": "Goofy's Direct Price",
                "answ": 0
            }, {
                "no": 4,
                "c": "Guitars Drink Plants ",
                "answ": 0
            }],
        "img": " "
    }, {
        "number": 32,
        "category": "ben",
        "question": "When was Franklin Templeton founded",
        "choice": [{
                "no": 1,
                "c": "1946",
                "answ": 0
            }, {
                "no": 2,
                "c": "1947",
                "answ": 2
            }, {
                "no": 3,
                "c": "1948",
                "answ": 0
            }, {
                "no": 4,
                "c": "1949",
                "answ": 0
            }],
        "img": " "
    }, {
        "number": 33,
        "category": "ben",
        "question": "When was Sir John Templeton born",
        "choice": [{
                "no": 1,
                "c": "1943",
                "answ": 0
            }, {
                "no": 2,
                "c": "1950",
                "answ": 0
            }, {
                "no": 3,
                "c": "1929",
                "answ": 0
            }, {
                "no": 4,
                "c": "1912",
                "answ": 5
            }],
        "img": " "
    }, {
        "number": 34,
        "category": "ben",
        "question": "What is the symbol of a downward trend for markets?",
        "choice": [{
                "no": 1,
                "c": "Fox",
                "answ": 0
            }, {
                "no": 2,
                "c": "Apple",
                "answ": 0
            }, {
                "no": 3,
                "c": "Bear",
                "answ": 2
            }, {
                "no": 4,
                "c": "Bull",
                "answ": 0
            }],
        "img": " "
    }, {
        "number": 35,
        "category": "ben",
        "question": "Who is the lead PM of the Templeton Globa Bond Fund?",
        "choice": [{
                "no": 1,
                "c": "Mark Mobius",
                "answ": 0
            }, {
                "no": 2,
                "c": "Michael Hasenstab",
                "answ": 2
            }, {
                "no": 3,
                "c": "Steven Dover",
                "answ": 0
            }, {
                "no": 4,
                "c": "Donald Duck",
                "answ": 0
            }],
        "img": " "
    }, {
        "number": 36,
        "category": "ben",
        "question": "What does BRIC stand for?",
        "choice": [{
                "no": 1,
                "c": "Belarus Romania Israel Chile",
                "answ": 0
            }, {
                "no": 2,
                "c": "Backend Remote Investment Cooperative",
                "answ": 0
            }, {
                "no": 3,
                "c": "Brazil Russia India China",
                "answ": 2
            }, {
                "no": 4,
                "c": "Boring Rural Innovation Company",
                "answ": 0
            }],
        "img": " "
    }, {
        "number": 37,
        "category": "ben",
        "question": "What can you do with an ETF?",
        "choice": [{
                "no": 1,
                "c": "Eat it",
                "answ": 0
            }, {
                "no": 2,
                "c": "Sell it on the stock exchange",
                "answ": 2
            }, {
                "no": 3,
                "c": "Repair the car with it",
                "answ": 0
            }, {
                "no": 4,
                "c": "Pay with it",
                "answ": 0
            }],
        "img": " "
    }, {
        "number": 38,
        "category": "ben",
        "question": "In which of the following cities do we have an office?",
        "choice": [{
                "no": 1,
                "c": "Guangzhou",
                "answ": 0
            }, {
                "no": 2,
                "c": "Pyongyang",
                "answ": 0
            }, {
                "no": 3,
                "c": "Shanghai",
                "answ": 5
            }, {
                "no": 4,
                "c": "Shenzhen",
                "answ": 0
            }],
        "img": " "
    }, {
        "number": 39,
        "category": "ben",
        "question": "Highest risk investment would be:",
        "choice": [{
                "no": 1,
                "c": "investing in stocks",
                "answ": 0
            }, {
                "no": 2,
                "c": "Investing in gold",
                "answ": 0
            }, {
                "no": 3,
                "c": "Investing in real estate",
                "answ": 0
            }, {
                "no": 4,
                "c": "Forex investing",
                "answ": 2
            }],
        "img": " "
    }, {
        "number": 40,
        "category": "ben",
        "question": "What's the name of one of the recent FT campaigns",
        "choice": [{
                "no": 1,
                "c": "Global Macro Shifts",
                "answ": 2
            }, {
                "no": 2,
                "c": "Local Micro Conditions",
                "answ": 0
            }, {
                "no": 3,
                "c": "Regional Deflation Opportunities",
                "answ": 0
            }, {
                "no": 4,
                "c": "Fixed Risk ",
                "answ": 0
            }],
        "img": " "
    }, {
        "number": 41,
        "category": "ben",
        "question": "Which animals have been used in one of the FT commercials?",
        "choice": [{
                "no": 1,
                "c": "African swallows",
                "answ": 0
            }, {
                "no": 2,
                "c": "Monkeys",
                "answ": 0
            }, {
                "no": 3,
                "c": "Butterflies",
                "answ": 0
            }, {
                "no": 4,
                "c": "Sheep",
                "answ": 2
            }],
        "img": " "
    }, {
        "number": 42,
        "category": "ben",
        "question": "The K2 is a...",
        "choice": [{
                "no": 1,
                "c": "fixed income fund",
                "answ": 0
            }, {
                "no": 2,
                "c": "equity fund",
                "answ": 0
            }, {
                "no": 3,
                "c": "alternative fund",
                "answ": 2
            }, {
                "no": 4,
                "c": "balanced fund",
                "answ": 0
            }],
        "img": " "
    }, {
        "number": 43,
        "category": "ben",
        "question": "How many teams are there in the Hackathon?",
        "choice": [{
                "no": 1,
                "c": "7",
                "answ": 0
            }, {
                "no": 2,
                "c": "8",
                "answ": 0
            }, {
                "no": 3,
                "c": "9",
                "answ": 2
            }, {
                "no": 4,
                "c": "10",
                "answ": 0
            }],
        "img": " "
    }, {
        "number": 44,
        "category": "ben",
        "question": "Which Hackathon team is Barry on?",
        "choice": [{
                "no": 1,
                "c": "Team 2",
                "answ": 0
            }, {
                "no": 2,
                "c": "Team 5",
                "answ": 0
            }, {
                "no": 3,
                "c": "Team 3",
                "answ": 0
            }, {
                "no": 4,
                "c": "none of the above",
                "answ": 2
            }],
        "img": " "
    }, {
        "number": 45,
        "category": "ben",
        "question": "What is a Hackathon?",
        "choice": [{
                "no": 1,
                "c": "a fun activity",
                "answ": 1
            }, {
                "no": 2,
                "c": "a running event for butchers",
                "answ": 0
            }, {
                "no": 3,
                "c": "programming marathon",
                "answ": 2
            }, {
                "no": 4,
                "c": "an ancient city in Greece",
                "answ": 0
            }],
        "img": " "
    }, {
        "number": 46,
        "category": "ben",
        "question": "What does AUM stand for?",
        "choice": [{
                "no": 1,
                "c": "A Unique Method",
                "answ": 0
            }, {
                "no": 2,
                "c": "Assets Under Management",
                "answ": 2
            }, {
                "no": 3,
                "c": "Agile Uniform Modelling",
                "answ": 0
            }, {
                "no": 4,
                "c": "Abandoned Unit Measure",
                "answ": 0
            }],
        "img": " "
    }, {
        "number": 47,
        "category": "ben",
        "question": "What is the acronym of the London Stock Exchange main index?",
        "choice": [{
                "no": 1,
                "c": "STOXX",
                "answ": 0
            }, {
                "no": 2,
                "c": "BUX",
                "answ": 0
            }, {
                "no": 3,
                "c": "FTSE",
                "answ": 5
            }, {
                "no": 4,
                "c": "LSEI",
                "answ": 0
            }],
        "img": " "
    }, {
        "number": 48,
        "category": "ben",
        "question": "Who is the Portfolio Manager for the Franklin India Fund?",
        "choice": [{
                "no": 1,
                "c": "Sukumar Rajah",
                "answ": 5
            }, {
                "no": 2,
                "c": "Mark Mobius",
                "answ": 0
            }, {
                "no": 3,
                "c": "Barry Dewar",
                "answ": 0
            }, {
                "no": 4,
                "c": "David Zahn",
                "answ": 0
            }],
        "img": " "
    }, {
        "number": 49,
        "category": "ben",
        "question": "Which FT office starts working first on a particular day?",
        "choice": [{
                "no": 1,
                "c": "Singapore",
                "answ": 0
            }, {
                "no": 2,
                "c": "Hong Kong",
                "answ": 0
            }, {
                "no": 3,
                "c": "Sydney",
                "answ": 3
            }, {
                "no": 4,
                "c": "Tokyo",
                "answ": 0
            }],
        "img": " "
    }, {
        "number": 50,
        "category": "ben",
        "question": "What is RMB?",
        "choice": [{
                "no": 1,
                "c": "Requirements Maintenance Battalion",
                "answ": 0
            }, {
                "no": 2,
                "c": "Royal Miniature Boat",
                "answ": 0
            }, {
                "no": 3,
                "c": "Records Merchant Bag",
                "answ": 0
            }, {
                "no": 4,
                "c": "Chinese currency",
                "answ": 2
            }],
        "img": " "
    }, {
        "number": 51,
        "category": "ben",
        "question": "Which one is considered to be the oldest stock exchange of the world?",
        "choice": [{
                "no": 1,
                "c": "New York",
                "answ": 0
            }, {
                "no": 2,
                "c": "Amsterdam",
                "answ": 5
            }, {
                "no": 3,
                "c": "Santiago de Chile",
                "answ": 0
            }, {
                "no": 4,
                "c": "London",
                "answ": 0
            }],
        "img": " "
    }, {
        "number": 52,
        "category": "ben",
        "question": "Where is Fondul Proprietatea based?",
        "choice": [{
                "no": 1,
                "c": "Romania",
                "answ": 3
            }, {
                "no": 2,
                "c": "Hungary",
                "answ": 0
            }, {
                "no": 3,
                "c": "Slovenia",
                "answ": 0
            }, {
                "no": 4,
                "c": "Croatia",
                "answ": 0
            }],
        "img": " "
    }, {
        "number": 53,
        "category": "ben",
        "question": "What is the currency symbol of the Swiss Franc?",
        "choice": [{
                "no": 1,
                "c": "XFR",
                "answ": 0
            }, {
                "no": 2,
                "c": "SFR",
                "answ": 0
            }, {
                "no": 3,
                "c": "CHF",
                "answ": 3
            }, {
                "no": 4,
                "c": "SWF",
                "answ": 0
            }],
        "img": " "
    }, {
        "number": 54,
        "category": "ben",
        "question": "Where was Franklin Templeton headquartered before the move to San Mateo?",
        "choice": [{
                "no": 1,
                "c": "Miami",
                "answ": 0
            }, {
                "no": 2,
                "c": "Los Angeles",
                "answ": 0
            }, {
                "no": 3,
                "c": "Chicago",
                "answ": 0
            }, {
                "no": 4,
                "c": "New York",
                "answ": 3
            }],
        "img": " "
    }, {
        "number": 55,
        "category": "ben",
        "question": "The DAX is the stock exchange index in which city?",
        "choice": [{
                "no": 1,
                "c": "Frankfurt",
                "answ": 4
            }, {
                "no": 2,
                "c": "Damascus",
                "answ": 0
            }, {
                "no": 3,
                "c": "Delhi",
                "answ": 0
            }, {
                "no": 4,
                "c": "Bucharest",
                "answ": 0
            }],
        "img": " "
    }, {
        "number": 56,
        "category": "ben",
        "question": "Who founded Franklin Templeton?",
        "choice": [{
                "no": 1,
                "c": "Rupert H. Johnson, Sr.",
                "answ": 4
            }, {
                "no": 2,
                "c": "Greg Johnson",
                "answ": 0
            }, {
                "no": 3,
                "c": "Charlie Johnson",
                "answ": 0
            }, {
                "no": 4,
                "c": "Benjamin Franklin",
                "answ": 0
            }],
        "img": " "
    }, {
        "number": 57,
        "category": "ben",
        "question": "Which one from the following is considered to be a frontier market?",
        "choice": [{
                "no": 1,
                "c": "Brazil",
                "answ": 0
            }, {
                "no": 2,
                "c": "Vietnam",
                "answ": 5
            }, {
                "no": 3,
                "c": "Portugal",
                "answ": 0
            }, {
                "no": 4,
                "c": "Japan",
                "answ": 0
            }],
        "img": " "
    }, {
        "number": 58,
        "category": "ben",
        "question": "Who is BEN's biggest institutional shareholder at the moment?",
        "choice": [{
                "no": 1,
                "c": "Massachusetts Financial Services",
                "answ": 5
            }, {
                "no": 2,
                "c": "Blackrock",
                "answ": 0
            }, {
                "no": 3,
                "c": "Goldman Sachs",
                "answ": 0
            }, {
                "no": 4,
                "c": "Vulcan Value Partners",
                "answ": 0
            }],
        "img": " "
    }]
