[{"number":"1","category":"Generic","question":"What is a 'Farmer's Daughter' ?","choice":[{"no":"1","c":"A Beer brewed in Menomonie Wisconsin US","answ":"3"},{"no":"2","c":"A movie about the farmgirl that moved to New York.","answ":"0"},{"no":"3","c":"A famous Restaurant in Bishkek, Kyrgyzstan ","answ":"0"},{"no":"4","c":"A common dish name - Pork Chops with Herbs and Potatoes","answ":"0"}],"img":" "},{"number":"2","category":"Generic","question":"What is 'cadence' ?","choice":[{"no":"1","c":"Princess Cadance is an Alicorn pony","answ":"1"},{"no":"2","c":"Cadence (or pedaling rate) is the number of revolutions of the crank per minute","answ":"2"},{"no":"3","c":"A town in Scotland","answ":"0"},{"no":"4","c":"A strange feeling, that makes you sleepy. ","answ":"0"}],"img":" "},{"number":"3","category":"Generic","question":"Who invented bike? ","choice":[{"no":"1","c":"Karl Friedrich von Drais","answ":"2"},{"no":"2","c":"Kirk Patrick Macmillan","answ":"2"},{"no":"3","c":"Thomas J Balko, Rogers","answ":"0"},{"no":"4","c":"Leonardo da Vinci","answ":"0"}],"img":" "},{"number":"4","category":"Generic","question":"What currency symbol it is ' ? '","choice":[{"no":"1","c":"El Salvador Colon","answ":"0"},{"no":"2","c":"Cuba Peso","answ":"3"},{"no":"3","c":"Poland Zloty","answ":"0"},{"no":"4","c":"Belarus Ruble","answ":"0"}],"img":" "},{"number":"5","category":"Generic","question":"Catgut (for old musical instrument strings and tennis rackets, etc) was usually made from the intestines of which animal? ","choice":[{"no":"1","c":"Rabbit","answ":"0"},{"no":"2","c":"Sheep","answ":"5"},{"no":"3","c":"Goat","answ":"3"},{"no":"4","c":"Monkey ","answ":"0"}],"img":" "},{"number":"6","category":"Generic","question":"What kind of a pig breed it is?","choice":[{"no":"1","c":"American Landrace","answ":"0"},{"no":"2","c":"Kunekune","answ":"0"},{"no":"3","c":"Hampshire","answ":"0"},{"no":"4","c":"Vietnamese Potbelly","answ":"4"}],"img":" "},{"number":"7","category":"Generic","question":"What's that?","choice":[{"no":"1","c":"Probably a Politician...","answ":"1"},{"no":"2","c":"Creature from your nightmares","answ":"1"},{"no":"3","c":"Blobfish in disguise","answ":"2"},{"no":"4","c":"A friend of mine","answ":"1"}],"img":" "},{"number":"8","category":"Generic","question":"What's the name of this Minion?","choice":[{"no":"1","c":"Kevin","answ":"0"},{"no":"2","c":"Stuart","answ":"4"},{"no":"3","c":"Banana - Dave","answ":"0"},{"no":"4","c":"Tim","answ":"0"}],"img":" "},{"number":"9","category":"Generic","question":"In the the Mendeleev periodic table Mt stands for?","choice":[{"no":"1","c":"Meitnerium","answ":"3"},{"no":"2","c":"Molybdenum","answ":"0"},{"no":"3","c":"Manganese","answ":"0"},{"no":"4","c":"Magnesium","answ":"0"}],"img":" "},{"number":"10","category":"Generic","question":"What nation invented the kilt?","choice":[{"no":"1","c":"Scotland","answ":"0"},{"no":"2","c":"Ireland","answ":"3"},{"no":"3","c":"Wales","answ":"0"},{"no":"4","c":"New Zealand","answ":"0"}],"img":" "}]